review_text,review_label
Good value for money. Highly recommend! Very useful and easy to use. Five stars!,good
Five stars! Very useful and easy to use.,good
Very useful and easy to use. Very useful and easy to use. Highly recommend!,good
Loved it. Very useful and easy to use. Excellent product! Five stars! Works like a charm.,good
Worst product ever! Very disappointed.,worst
Works like a charm. Good value for money. Loved it.,good
Broke in two days. Very disappointed. Terrible experience. Worst product ever!,worst
Poor design. Had some issues. Not satisfied. Could be better. Not worth the price. Low quality material.,bad
Low quality material. Disappointed.,bad
Poor design. Not satisfied. Low quality material. Had some issues. Low quality material. Expected better.,bad
Amazing quality and value. Excellent product! Amazing quality and value.,good
Works like a charm. Amazing quality and value.,good
Cheap quality. Broke in two days.,worst
Worst product ever! Terrible experience. Regret buying this.,worst
Not worth the price. Disappointed. Could be better. Had some issues.,bad
Disappointed. Low quality material. Disappointed. Poor design. Not worth the price. Disappointed.,bad
Totally unreliable. Broke in two days. Terrible experience.,worst
Not worth the price. Stopped working after a week.,bad
Cheap quality. Very disappointed. Waste of money.,worst
Very disappointed. Terrible experience. Terrible experience.,worst
Totally unreliable.,worst
Regret buying this. Broke in two days.,worst
Good value for money. Five stars! Highly recommend!,good
Loved it. Very useful and easy to use. Amazing quality and value. Loved it. Excellent product! Perfect for my needs.,good
Very useful and easy to use.,good
Do not buy this. Broke in two days. Waste of money. Waste of money.,worst
Not satisfied.,bad
Excellent product! Loved it. Very useful and easy to use.,good
Do not buy this. Regret buying this. Terrible experience. Completely useless. Totally unreliable.,worst
Expected better. Not satisfied. Poor design. Low quality material.,bad
Superb performance! Perfect for my needs. Amazing quality and value. Excellent product! Excellent product!,good
Cheap quality. Worst product ever!,worst
Five stars! Amazing quality and value. Very useful and easy to use. Superb performance! Five stars! Excellent product!,good
Waste of money. Broke in two days. Totally unreliable. Worst product ever! Terrible experience. Do not buy this.,worst
Do not buy this. Broke in two days. Cheap quality.,worst
Very useful and easy to use. Loved it. Highly recommend! Very useful and easy to use. Good value for money. Superb performance!,good
Expected better. Not satisfied. Poor design.,bad
Cheap quality. Do not buy this. Completely useless. Regret buying this. Broke in two days.,worst
Low quality material. Not worth the price. Had some issues. Disappointed.,bad
Waste of money. Cheap quality.,worst
Perfect for my needs. Works like a charm. Perfect for my needs.,good
Average experience.,bad
Had some issues. Expected better. Average experience.,bad
Cheap quality. Totally unreliable. Waste of money. Terrible experience.,worst
Totally unreliable. Terrible experience. Very disappointed. Broke in two days. Totally unreliable. Completely useless.,worst
Cheap quality. Totally unreliable. Terrible experience.,worst
Good value for money. Amazing quality and value. Amazing quality and value.,good
Stopped working after a week. Stopped working after a week. Average experience. Stopped working after a week. Average experience.,bad
Do not buy this. Completely useless. Waste of money. Worst product ever!,worst
Regret buying this.,worst
Poor design. Could be better. Not worth the price.,bad
Perfect for my needs. Very useful and easy to use. Five stars!,good
Broke in two days.,worst
Had some issues. Stopped working after a week.,bad
Loved it. Highly recommend! Amazing quality and value. Perfect for my needs.,good
Stopped working after a week. Could be better.,bad
Stopped working after a week. Not worth the price.,bad
Very useful and easy to use. Amazing quality and value. Five stars! Highly recommend!,good
Completely useless. Broke in two days.,worst
Not worth the price.,bad
Amazing quality and value. Perfect for my needs. Very useful and easy to use.,good
Superb performance!,good
Waste of money.,worst
Not satisfied. Stopped working after a week. Poor design. Expected better. Expected better.,bad
Amazing quality and value.,good
Waste of money. Do not buy this. Worst product ever! Very disappointed. Totally unreliable. Totally unreliable.,worst
Poor design. Disappointed. Expected better. Not worth the price. Stopped working after a week. Could be better.,bad
Excellent product! Perfect for my needs. Good value for money. Amazing quality and value. Superb performance! Highly recommend!,good
Stopped working after a week.,bad
Five stars! Five stars! Loved it. Good value for money. Amazing quality and value.,good
Average experience.,bad
Works like a charm. Perfect for my needs.,good
Stopped working after a week. Had some issues. Had some issues. Not satisfied. Not worth the price.,bad
Not satisfied. Poor design. Average experience.,bad
Poor design. Not worth the price. Average experience. Disappointed. Expected better.,bad
Good value for money. Loved it. Good value for money. Works like a charm. Highly recommend! Superb performance!,good
Stopped working after a week. Average experience. Expected better. Low quality material.,bad
Cheap quality.,worst
Perfect for my needs. Highly recommend! Good value for money. Good value for money. Excellent product!,good
Very useful and easy to use.,good
Average experience. Not worth the price. Disappointed.,bad
Stopped working after a week.,bad
Highly recommend!,good
Could be better.,bad
Works like a charm. Loved it. Five stars! Highly recommend! Amazing quality and value. Amazing quality and value.,good
Cheap quality. Totally unreliable.,worst
Superb performance! Superb performance!,good
Could be better. Disappointed. Disappointed. Low quality material. Expected better.,bad
Terrible experience. Regret buying this. Broke in two days.,worst
Cheap quality. Waste of money. Terrible experience. Very disappointed. Regret buying this.,worst
Very useful and easy to use. Five stars! Perfect for my needs.,good
Perfect for my needs. Very useful and easy to use. Five stars! Very useful and easy to use. Amazing quality and value. Amazing quality and value.,good
Loved it.,good
Not satisfied. Stopped working after a week. Stopped working after a week. Expected better.,bad
Regret buying this. Broke in two days.,worst
Highly recommend! Excellent product! Amazing quality and value. Loved it. Very useful and easy to use.,good
Expected better. Stopped working after a week. Stopped working after a week. Not satisfied. Average experience.,bad
Not satisfied. Could be better. Average experience.,bad
Superb performance!,good
Waste of money. Broke in two days.,worst
Totally unreliable.,worst
Stopped working after a week. Poor design.,bad
Very disappointed. Do not buy this. Totally unreliable. Broke in two days. Completely useless. Cheap quality.,worst
Low quality material. Disappointed. Disappointed.,bad
Could be better. Average experience. Had some issues.,bad
Cheap quality. Worst product ever!,worst
Highly recommend! Amazing quality and value. Perfect for my needs. Works like a charm. Highly recommend!,good
Perfect for my needs. Highly recommend! Superb performance! Amazing quality and value. Very useful and easy to use.,good
Very disappointed. Totally unreliable. Regret buying this. Cheap quality. Worst product ever! Do not buy this.,worst
Expected better. Stopped working after a week. Poor design. Stopped working after a week. Low quality material.,bad
Broke in two days.,worst
Terrible experience. Worst product ever! Totally unreliable. Totally unreliable.,worst
Five stars! Loved it. Superb performance! Excellent product!,good
Waste of money. Do not buy this. Cheap quality. Do not buy this. Terrible experience. Cheap quality.,worst
Works like a charm. Works like a charm. Superb performance!,good
Good value for money. Very useful and easy to use. Highly recommend! Superb performance! Works like a charm.,good
Expected better. Stopped working after a week. Not worth the price. Disappointed.,bad
Average experience. Not worth the price.,bad
Good value for money. Five stars!,good
Completely useless. Totally unreliable.,worst
Not worth the price.,bad
Superb performance! Good value for money.,good
Not worth the price. Disappointed. Low quality material. Average experience.,bad
Had some issues.,bad
Waste of money. Worst product ever!,worst
Poor design. Average experience. Stopped working after a week. Disappointed. Average experience. Disappointed.,bad
Totally unreliable.,worst
Worst product ever! Waste of money. Do not buy this. Worst product ever! Completely useless.,worst
Five stars! Five stars!,good
Not worth the price. Stopped working after a week. Poor design.,bad
Expected better. Disappointed.,bad
Works like a charm.,good
Average experience. Not satisfied. Could be better. Low quality material. Disappointed. Not satisfied.,bad
Very useful and easy to use. Five stars! Highly recommend! Loved it.,good
Expected better. Expected better. Stopped working after a week. Low quality material. Not satisfied.,bad
Good value for money. Good value for money.,good
Expected better.,bad
Could be better. Could be better.,bad
Good value for money. Very useful and easy to use. Superb performance!,good
Cheap quality. Waste of money. Cheap quality. Regret buying this. Terrible experience. Totally unreliable.,worst
Perfect for my needs.,good
Totally unreliable. Waste of money. Regret buying this. Do not buy this.,worst
Average experience. Poor design.,bad
Amazing quality and value. Perfect for my needs. Amazing quality and value.,good
Superb performance! Loved it. Superb performance! Good value for money. Five stars! Works like a charm.,good
Good value for money. Amazing quality and value. Excellent product!,good
Expected better. Stopped working after a week.,bad
Expected better. Stopped working after a week. Could be better. Average experience. Had some issues. Could be better.,bad
Poor design. Could be better.,bad
Waste of money. Broke in two days.,worst
Superb performance! Works like a charm.,good
Completely useless. Cheap quality. Terrible experience. Do not buy this. Very disappointed. Totally unreliable.,worst
Not satisfied.,bad
Worst product ever! Totally unreliable.,worst
Low quality material. Could be better. Not satisfied. Stopped working after a week. Stopped working after a week. Poor design.,bad
Poor design. Not satisfied. Average experience. Stopped working after a week.,bad
Poor design.,bad
Low quality material. Not satisfied. Stopped working after a week.,bad
Do not buy this. Cheap quality. Regret buying this.,worst
Do not buy this. Completely useless. Regret buying this. Worst product ever!,worst
Not satisfied. Not worth the price. Low quality material. Expected better.,bad
Waste of money. Do not buy this. Cheap quality. Very disappointed.,worst
Good value for money. Excellent product! Superb performance! Loved it.,good
Worst product ever! Worst product ever! Totally unreliable. Cheap quality. Very disappointed. Very disappointed.,worst
Worst product ever! Regret buying this. Terrible experience. Totally unreliable. Completely useless. Regret buying this.,worst
Superb performance! Five stars! Highly recommend! Very useful and easy to use. Excellent product!,good
Cheap quality. Terrible experience. Totally unreliable. Terrible experience. Completely useless. Very disappointed.,worst
Could be better. Poor design. Disappointed. Stopped working after a week. Poor design.,bad
Had some issues. Disappointed.,bad
Five stars! Highly recommend! Excellent product! Highly recommend! Excellent product!,good
Perfect for my needs. Five stars! Works like a charm. Works like a charm. Five stars! Loved it.,good
Not satisfied. Could be better. Expected better. Could be better. Could be better. Not satisfied.,bad
Totally unreliable. Regret buying this. Cheap quality.,worst
Had some issues.,bad
Completely useless. Very disappointed. Regret buying this.,worst
Perfect for my needs. Highly recommend! Very useful and easy to use.,good
Average experience. Had some issues. Poor design. Not satisfied.,bad
Terrible experience. Cheap quality. Worst product ever! Do not buy this. Waste of money.,worst
Broke in two days. Cheap quality.,worst
Not satisfied. Had some issues. Stopped working after a week.,bad
Not worth the price. Could be better.,bad
Not worth the price.,bad
Disappointed. Had some issues. Could be better. Disappointed.,bad
Works like a charm. Amazing quality and value. Very useful and easy to use.,good
Perfect for my needs. Excellent product! Amazing quality and value. Amazing quality and value. Perfect for my needs. Superb performance!,good
Terrible experience. Cheap quality. Do not buy this. Worst product ever! Broke in two days. Waste of money.,worst
Disappointed. Not worth the price.,bad
Completely useless. Broke in two days. Do not buy this. Very disappointed. Regret buying this. Cheap quality.,worst
Expected better. Could be better. Average experience. Could be better.,bad
Not satisfied. Had some issues. Not satisfied.,bad
Superb performance! Five stars! Works like a charm. Amazing quality and value.,good
Waste of money. Broke in two days. Very disappointed.,worst
Stopped working after a week. Could be better.,bad
Very disappointed.,worst
Superb performance! Perfect for my needs. Loved it. Excellent product!,good
Cheap quality. Very disappointed. Broke in two days. Terrible experience. Completely useless. Waste of money.,worst
Amazing quality and value. Amazing quality and value. Works like a charm.,good
Loved it. Good value for money. Loved it.,good
Works like a charm. Good value for money. Highly recommend! Superb performance!,good
Terrible experience. Terrible experience. Terrible experience. Very disappointed. Do not buy this. Cheap quality.,worst
Cheap quality. Worst product ever! Very disappointed. Cheap quality.,worst
Excellent product! Very useful and easy to use.,good
Worst product ever! Waste of money.,worst
Cheap quality.,worst
Poor design.,bad
Very disappointed.,worst
Could be better. Not satisfied. Low quality material. Could be better.,bad
Do not buy this. Waste of money. Do not buy this. Waste of money. Waste of money. Very disappointed.,worst
Expected better. Could be better. Stopped working after a week. Not worth the price. Stopped working after a week.,bad
Not satisfied.,bad
Very disappointed. Very disappointed. Terrible experience. Completely useless. Regret buying this.,worst
Regret buying this. Terrible experience.,worst
Disappointed. Not satisfied. Disappointed. Not worth the price. Not worth the price. Poor design.,bad
Not worth the price. Not satisfied. Had some issues. Disappointed. Poor design. Poor design.,bad
Totally unreliable. Totally unreliable. Waste of money. Do not buy this. Totally unreliable. Do not buy this.,worst
Works like a charm.,good
Amazing quality and value. Very useful and easy to use.,good
Had some issues.,bad
Broke in two days. Worst product ever! Terrible experience. Broke in two days. Do not buy this. Regret buying this.,worst
Stopped working after a week.,bad
Very disappointed. Worst product ever! Terrible experience.,worst
Poor design. Expected better. Poor design. Could be better. Average experience. Not worth the price.,bad
Perfect for my needs.,good
Superb performance! Loved it. Amazing quality and value. Loved it.,good
Five stars!,good
Stopped working after a week. Stopped working after a week. Poor design. Low quality material.,bad
Disappointed. Could be better.,bad
Average experience. Average experience. Low quality material. Could be better. Stopped working after a week.,bad
Works like a charm. Works like a charm. Good value for money. Five stars! Amazing quality and value. Highly recommend!,good
Not worth the price.,bad
Totally unreliable.,worst
Perfect for my needs. Loved it.,good
Do not buy this.,worst
Highly recommend! Highly recommend! Loved it.,good
Very disappointed. Broke in two days. Worst product ever! Very disappointed.,worst
Highly recommend! Very useful and easy to use.,good
Average experience. Disappointed.,bad
Five stars! Five stars! Five stars! Amazing quality and value. Very useful and easy to use. Very useful and easy to use.,good
Completely useless. Regret buying this. Terrible experience. Completely useless. Completely useless.,worst
Works like a charm. Good value for money. Very useful and easy to use. Very useful and easy to use.,good
Worst product ever!,worst
Expected better. Low quality material.,bad
Excellent product! Good value for money. Five stars! Five stars! Perfect for my needs. Loved it.,good
Loved it. Excellent product!,good
Had some issues. Had some issues. Stopped working after a week. Average experience. Not satisfied. Average experience.,bad
Do not buy this. Worst product ever! Completely useless. Cheap quality.,worst
Not satisfied. Not worth the price.,bad
Broke in two days. Completely useless. Worst product ever! Terrible experience. Very disappointed.,worst
Very disappointed.,worst
Amazing quality and value. Very useful and easy to use.,good
Expected better.,bad
Worst product ever! Terrible experience. Completely useless. Cheap quality. Do not buy this. Regret buying this.,worst
Good value for money. Highly recommend!,good
Terrible experience. Regret buying this. Waste of money. Completely useless.,worst
Expected better.,bad
Perfect for my needs. Superb performance!,good
Disappointed.,bad
Very disappointed. Completely useless. Worst product ever! Regret buying this. Cheap quality. Terrible experience.,worst
Perfect for my needs. Very useful and easy to use. Very useful and easy to use. Very useful and easy to use. Perfect for my needs. Five stars!,good
Disappointed. Not satisfied. Stopped working after a week. Average experience.,bad
Loved it.,good
Expected better.,bad
Broke in two days. Terrible experience. Cheap quality. Totally unreliable. Worst product ever!,worst
Amazing quality and value. Loved it. Perfect for my needs. Highly recommend! Superb performance! Superb performance!,good
Waste of money. Do not buy this. Broke in two days. Very disappointed. Cheap quality.,worst
Completely useless. Totally unreliable. Worst product ever! Broke in two days.,worst
Amazing quality and value. Very useful and easy to use. Five stars! Works like a charm.,good
Cheap quality. Waste of money. Terrible experience. Worst product ever!,worst
Poor design. Average experience. Poor design. Low quality material.,bad
Could be better. Could be better. Could be better.,bad
Good value for money.,good
Works like a charm. Loved it. Very useful and easy to use.,good
Very disappointed.,worst
Poor design. Had some issues. Expected better. Disappointed.,bad
Low quality material. Disappointed. Could be better.,bad
Very disappointed. Terrible experience. Terrible experience. Regret buying this. Regret buying this. Terrible experience.,worst
Very disappointed. Regret buying this.,worst
Excellent product! Excellent product! Five stars! Very useful and easy to use. Loved it.,good
Disappointed. Disappointed. Had some issues. Disappointed.,bad
Low quality material. Average experience. Low quality material.,bad
Had some issues. Not satisfied. Not worth the price. Stopped working after a week.,bad
Very disappointed. Broke in two days. Do not buy this.,worst
Works like a charm.,good
Perfect for my needs.,good
Totally unreliable. Very disappointed. Worst product ever! Waste of money. Regret buying this.,worst
Totally unreliable. Terrible experience. Worst product ever! Very disappointed.,worst
Not worth the price. Not satisfied. Could be better. Could be better.,bad
Cheap quality. Terrible experience. Broke in two days. Regret buying this.,worst
Not worth the price. Could be better. Had some issues.,bad
Terrible experience. Totally unreliable. Very disappointed. Do not buy this. Completely useless. Totally unreliable.,worst
Broke in two days. Do not buy this. Do not buy this. Very disappointed. Waste of money. Very disappointed.,worst
Superb performance! Loved it. Works like a charm. Five stars!,good
Amazing quality and value. Five stars! Very useful and easy to use.,good
Cheap quality. Very disappointed. Very disappointed. Waste of money. Worst product ever! Waste of money.,worst
Broke in two days. Broke in two days. Do not buy this. Completely useless. Completely useless. Broke in two days.,worst
Not worth the price. Not satisfied. Disappointed.,bad
Cheap quality. Regret buying this.,worst
Do not buy this. Worst product ever! Completely useless. Regret buying this.,worst
Excellent product!,good
Not worth the price. Poor design. Low quality material. Not worth the price. Average experience. Stopped working after a week.,bad
Regret buying this. Very disappointed. Worst product ever!,worst
Terrible experience. Very disappointed. Regret buying this.,worst
Could be better. Not satisfied. Stopped working after a week. Not satisfied. Expected better.,bad
Excellent product! Excellent product! Five stars! Perfect for my needs.,good
Worst product ever! Waste of money. Very disappointed. Completely useless. Worst product ever! Very disappointed.,worst
Poor design. Could be better. Not satisfied. Not satisfied. Could be better.,bad
Very disappointed. Cheap quality. Completely useless. Do not buy this. Terrible experience. Regret buying this.,worst
Works like a charm.,good
Poor design. Stopped working after a week. Could be better. Could be better.,bad
Superb performance! Five stars! Good value for money. Amazing quality and value. Loved it.,good
Good value for money. Highly recommend! Excellent product! Very useful and easy to use.,good
Worst product ever! Totally unreliable. Terrible experience. Completely useless. Very disappointed.,worst
Not satisfied. Poor design. Poor design. Had some issues. Not satisfied.,bad
Good value for money. Loved it.,good
Totally unreliable.,worst
Cheap quality. Broke in two days.,worst
Waste of money. Do not buy this. Worst product ever! Cheap quality. Terrible experience. Do not buy this.,worst
Terrible experience. Very disappointed. Regret buying this. Very disappointed. Do not buy this. Broke in two days.,worst
Regret buying this. Worst product ever!,worst
Totally unreliable. Very disappointed.,worst
Very disappointed. Regret buying this. Very disappointed. Regret buying this.,worst
Works like a charm. Five stars! Good value for money.,good
Amazing quality and value. Five stars! Perfect for my needs. Amazing quality and value.,good
Very useful and easy to use. Amazing quality and value. Five stars! Perfect for my needs. Amazing quality and value.,good
Do not buy this. Worst product ever! Broke in two days. Waste of money.,worst
Five stars! Works like a charm. Very useful and easy to use. Perfect for my needs.,good
Completely useless. Terrible experience. Totally unreliable. Worst product ever!,worst
Superb performance! Perfect for my needs. Highly recommend! Very useful and easy to use.,good
Good value for money. Excellent product! Five stars! Highly recommend! Amazing quality and value.,good
Disappointed. Could be better. Stopped working after a week. Stopped working after a week. Could be better.,bad
Perfect for my needs. Perfect for my needs. Amazing quality and value.,good
Cheap quality. Totally unreliable. Waste of money. Broke in two days. Totally unreliable. Very disappointed.,worst
Had some issues.,bad
Excellent product!,good
Stopped working after a week. Low quality material. Average experience. Poor design. Not satisfied. Could be better.,bad
Works like a charm. Loved it. Superb performance!,good
Totally unreliable. Broke in two days. Cheap quality.,worst
Superb performance! Very useful and easy to use. Highly recommend! Amazing quality and value. Amazing quality and value. Loved it.,good
Waste of money.,worst
Terrible experience.,worst
Had some issues. Stopped working after a week. Had some issues.,bad
Not satisfied. Poor design.,bad
Waste of money.,worst
Do not buy this. Completely useless.,worst
Very useful and easy to use. Perfect for my needs. Superb performance! Very useful and easy to use. Amazing quality and value. Five stars!,good
Not satisfied.,bad
Not worth the price. Not satisfied. Not satisfied.,bad
Superb performance! Excellent product!,good
Waste of money. Do not buy this. Regret buying this. Totally unreliable. Very disappointed. Worst product ever!,worst
Superb performance! Perfect for my needs.,good
Excellent product! Loved it.,good
Low quality material. Poor design. Could be better. Expected better. Low quality material. Not worth the price.,bad
Could be better. Had some issues.,bad
Completely useless. Waste of money. Terrible experience. Worst product ever!,worst
Superb performance! Good value for money. Perfect for my needs.,good
Totally unreliable. Worst product ever! Do not buy this. Totally unreliable. Broke in two days. Broke in two days.,worst
Regret buying this. Waste of money. Do not buy this. Worst product ever! Very disappointed.,worst
Highly recommend! Five stars! Excellent product! Very useful and easy to use. Superb performance! Good value for money.,good
Highly recommend! Works like a charm. Amazing quality and value.,good
Works like a charm. Good value for money. Highly recommend! Highly recommend! Works like a charm. Perfect for my needs.,good
Regret buying this. Do not buy this. Regret buying this. Regret buying this. Broke in two days.,worst
Could be better.,bad
Low quality material. Expected better. Not satisfied. Expected better.,bad
Broke in two days. Terrible experience. Broke in two days. Totally unreliable. Completely useless. Very disappointed.,worst
Low quality material. Had some issues. Not satisfied. Not worth the price. Stopped working after a week. Disappointed.,bad
Waste of money.,worst
Works like a charm. Five stars! Amazing quality and value. Superb performance! Excellent product!,good
Very useful and easy to use.,good
Not satisfied.,bad
Five stars! Five stars! Good value for money. Very useful and easy to use.,good
Highly recommend! Loved it. Excellent product! Perfect for my needs. Perfect for my needs. Perfect for my needs.,good
Could be better. Low quality material. Average experience. Poor design. Stopped working after a week.,bad
Perfect for my needs. Superb performance!,good
Totally unreliable. Worst product ever!,worst
Average experience. Disappointed. Low quality material. Poor design. Had some issues.,bad
Completely useless. Terrible experience.,worst
Had some issues.,bad
Amazing quality and value.,good
Worst product ever! Very disappointed. Very disappointed. Totally unreliable.,worst
Works like a charm. Loved it.,good
Loved it. Works like a charm. Excellent product! Superb performance! Excellent product!,good
Poor design. Poor design.,bad
Stopped working after a week. Disappointed.,bad
Perfect for my needs.,good
Amazing quality and value.,good
Perfect for my needs. Amazing quality and value. Good value for money. Amazing quality and value. Five stars! Amazing quality and value.,good
Perfect for my needs.,good
Works like a charm. Works like a charm. Excellent product! Superb performance! Perfect for my needs. Good value for money.,good
Amazing quality and value.,good
Loved it.,good
Very useful and easy to use. Excellent product! Perfect for my needs. Five stars! Highly recommend! Superb performance!,good
Superb performance! Loved it. Highly recommend! Perfect for my needs. Amazing quality and value. Works like a charm.,good
Amazing quality and value.,good
Loved it. Superb performance! Superb performance! Highly recommend! Loved it. Amazing quality and value.,good
Totally unreliable. Very disappointed. Terrible experience. Do not buy this. Broke in two days. Cheap quality.,worst
Completely useless. Waste of money. Completely useless. Worst product ever! Very disappointed. Worst product ever!,worst
Could be better.,bad
Poor design. Stopped working after a week. Disappointed. Had some issues.,bad
Completely useless. Worst product ever! Waste of money. Very disappointed. Broke in two days. Regret buying this.,worst
Amazing quality and value. Perfect for my needs. Very useful and easy to use. Good value for money. Very useful and easy to use. Good value for money.,good
Stopped working after a week. Had some issues. Expected better. Disappointed. Not satisfied. Low quality material.,bad
Disappointed. Average experience. Not worth the price. Poor design. Poor design. Low quality material.,bad
Not worth the price. Low quality material. Low quality material.,bad
Expected better. Not worth the price.,bad
Works like a charm. Five stars!,good
Expected better.,bad
Very disappointed. Completely useless. Broke in two days.,worst
Amazing quality and value. Highly recommend! Highly recommend! Excellent product! Highly recommend!,good
Superb performance! Perfect for my needs. Works like a charm. Five stars! Amazing quality and value. Very useful and easy to use.,good
Not satisfied. Not worth the price. Poor design. Not satisfied.,bad
Low quality material.,bad
Do not buy this. Do not buy this. Cheap quality.,worst
Waste of money. Worst product ever! Terrible experience. Broke in two days. Do not buy this.,worst
Could be better. Not worth the price. Not satisfied.,bad
Stopped working after a week. Had some issues. Average experience. Disappointed. Had some issues.,bad
Completely useless. Totally unreliable. Completely useless. Cheap quality. Regret buying this. Cheap quality.,worst
Perfect for my needs. Amazing quality and value.,good
Five stars! Loved it. Highly recommend!,good
Not satisfied. Disappointed. Not worth the price. Stopped working after a week.,bad
Terrible experience. Waste of money. Cheap quality. Regret buying this.,worst
Broke in two days. Worst product ever! Worst product ever! Very disappointed.,worst
Worst product ever!,worst
Highly recommend! Highly recommend! Superb performance! Five stars! Very useful and easy to use.,good
Not satisfied.,bad
Stopped working after a week. Low quality material. Average experience.,bad
Superb performance! Works like a charm. Excellent product!,good
Terrible experience. Very disappointed. Worst product ever!,worst
Waste of money. Cheap quality. Totally unreliable. Regret buying this. Terrible experience.,worst
Regret buying this.,worst
Stopped working after a week. Stopped working after a week. Not worth the price.,bad
Completely useless. Regret buying this. Totally unreliable.,worst
Not worth the price. Expected better. Had some issues. Not satisfied. Stopped working after a week.,bad
Worst product ever! Totally unreliable. Totally unreliable. Waste of money. Completely useless.,worst
Excellent product! Amazing quality and value. Very useful and easy to use.,good
Terrible experience. Broke in two days. Cheap quality.,worst
Broke in two days. Completely useless. Do not buy this. Cheap quality. Waste of money. Cheap quality.,worst
Completely useless.,worst
Excellent product!,good
Worst product ever! Broke in two days.,worst
Good value for money. Perfect for my needs. Loved it.,good
Not satisfied. Disappointed. Disappointed. Stopped working after a week.,bad
Superb performance! Amazing quality and value. Perfect for my needs. Perfect for my needs. Good value for money.,good
Stopped working after a week. Had some issues. Could be better. Not satisfied.,bad
Poor design. Average experience. Average experience. Low quality material.,bad
Waste of money. Worst product ever! Very disappointed.,worst
Worst product ever!,worst
Low quality material. Not satisfied. Expected better. Average experience. Had some issues.,bad
Regret buying this. Waste of money. Completely useless. Do not buy this. Completely useless. Cheap quality.,worst
Good value for money. Good value for money.,good
Loved it. Very useful and easy to use. Excellent product! Very useful and easy to use. Superb performance!,good
Not satisfied. Not satisfied. Could be better. Had some issues.,bad
Five stars! Superb performance! Very useful and easy to use.,good
Low quality material. Not satisfied. Could be better. Had some issues.,bad
Disappointed. Expected better. Not satisfied. Could be better. Disappointed. Disappointed.,bad
Average experience.,bad
Five stars!,good
Stopped working after a week. Could be better. Expected better. Poor design.,bad
Low quality material. Could be better.,bad
Could be better.,bad
Excellent product! Excellent product! Five stars! Amazing quality and value.,good
Stopped working after a week. Poor design. Stopped working after a week.,bad
Not worth the price. Poor design. Average experience. Poor design. Poor design. Could be better.,bad
Five stars! Works like a charm. Five stars!,good
Completely useless. Do not buy this. Terrible experience. Terrible experience. Cheap quality. Terrible experience.,worst
Very useful and easy to use.,good
Do not buy this. Totally unreliable. Cheap quality. Cheap quality.,worst
Superb performance! Five stars! Excellent product! Superb performance!,good
Superb performance!,good
Poor design. Average experience. Had some issues. Stopped working after a week. Poor design.,bad
Terrible experience. Regret buying this. Very disappointed. Regret buying this. Regret buying this. Totally unreliable.,worst
Expected better. Could be better. Expected better. Poor design. Low quality material.,bad
Perfect for my needs. Loved it. Works like a charm. Five stars! Excellent product! Works like a charm.,good
Expected better. Low quality material.,bad
Excellent product! Loved it. Works like a charm.,good
Very useful and easy to use.,good
Good value for money. Amazing quality and value. Highly recommend! Superb performance! Works like a charm.,good
Worst product ever!,worst
Five stars! Perfect for my needs. Perfect for my needs. Superb performance!,good
Perfect for my needs.,good
Good value for money. Excellent product! Amazing quality and value.,good
Had some issues. Expected better. Low quality material. Could be better.,bad
Not satisfied. Average experience. Low quality material.,bad
Low quality material.,bad
Broke in two days. Terrible experience. Very disappointed. Totally unreliable. Regret buying this.,worst
Disappointed. Disappointed. Poor design. Had some issues.,bad
Good value for money. Very useful and easy to use.,good
Expected better.,bad
Expected better. Disappointed. Low quality material.,bad
Do not buy this. Completely useless.,worst
Works like a charm.,good
Completely useless.,worst
Expected better. Not satisfied. Had some issues. Poor design. Not worth the price. Stopped working after a week.,bad
Loved it. Highly recommend! Perfect for my needs. Good value for money. Excellent product! Amazing quality and value.,good
Perfect for my needs. Loved it. Perfect for my needs. Superb performance!,good
Good value for money.,good
Loved it. Perfect for my needs. Perfect for my needs. Highly recommend! Excellent product! Very useful and easy to use.,good
Perfect for my needs. Perfect for my needs. Excellent product! Highly recommend! Works like a charm.,good
Totally unreliable. Worst product ever! Do not buy this.,worst
Terrible experience. Cheap quality. Very disappointed.,worst
Not satisfied. Poor design. Disappointed. Not satisfied.,bad
Five stars! Good value for money. Highly recommend! Works like a charm. Excellent product!,good
Very disappointed. Completely useless. Worst product ever!,worst
Works like a charm. Works like a charm. Amazing quality and value. Very useful and easy to use. Perfect for my needs. Works like a charm.,good
Completely useless. Very disappointed. Waste of money. Terrible experience.,worst
Average experience. Had some issues. Average experience. Average experience.,bad
Terrible experience.,worst
Excellent product! Superb performance!,good
Perfect for my needs. Excellent product! Loved it.,good
Cheap quality.,worst
Very disappointed. Very disappointed. Waste of money. Regret buying this. Broke in two days.,worst
Low quality material. Low quality material. Stopped working after a week. Not worth the price.,bad
Not satisfied.,bad
Not satisfied.,bad
Expected better. Had some issues. Not worth the price.,bad
Superb performance!,good
Very disappointed. Regret buying this.,worst
Good value for money. Excellent product! Amazing quality and value. Perfect for my needs.,good
Amazing quality and value. Perfect for my needs.,good
Not worth the price. Expected better. Expected better. Low quality material.,bad
Poor design. Not satisfied.,bad
Works like a charm. Highly recommend! Highly recommend!,good
Terrible experience.,worst
Cheap quality. Regret buying this. Waste of money. Completely useless.,worst
Cheap quality. Worst product ever!,worst
Terrible experience. Regret buying this. Totally unreliable. Cheap quality. Regret buying this. Terrible experience.,worst
Had some issues. Not worth the price.,bad
Regret buying this.,worst
Very useful and easy to use.,good
Cheap quality. Terrible experience. Totally unreliable. Very disappointed.,worst
Broke in two days.,worst
Not worth the price. Disappointed. Average experience. Could be better.,bad
Highly recommend! Amazing quality and value.,good
Five stars! Superb performance! Highly recommend! Very useful and easy to use. Good value for money.,good
Works like a charm.,good
Highly recommend! Five stars! Very useful and easy to use. Loved it.,good
Totally unreliable.,worst
Disappointed.,bad
Works like a charm. Perfect for my needs. Five stars! Amazing quality and value.,good
Totally unreliable. Completely useless. Terrible experience.,worst
Totally unreliable. Very disappointed. Terrible experience.,worst
Excellent product! Superb performance!,good
Terrible experience. Terrible experience. Very disappointed.,worst
Not satisfied. Expected better. Stopped working after a week.,bad
Very disappointed. Do not buy this.,worst
Amazing quality and value. Superb performance! Excellent product! Highly recommend!,good
Waste of money. Cheap quality. Very disappointed. Broke in two days. Worst product ever! Very disappointed.,worst
Very useful and easy to use. Very useful and easy to use. Perfect for my needs. Works like a charm. Very useful and easy to use. Good value for money.,good
Do not buy this. Totally unreliable.,worst
Loved it. Excellent product! Superb performance! Good value for money.,good
Waste of money. Completely useless. Regret buying this. Broke in two days. Worst product ever! Worst product ever!,worst
Excellent product! Good value for money.,good
Superb performance! Five stars! Very useful and easy to use. Good value for money.,good
Loved it.,good
Could be better. Low quality material. Disappointed. Not worth the price. Low quality material. Average experience.,bad
Had some issues. Average experience. Could be better. Average experience.,bad
Disappointed. Not satisfied. Could be better.,bad
Perfect for my needs. Good value for money.,good
Terrible experience. Cheap quality. Regret buying this. Terrible experience. Do not buy this.,worst
Good value for money. Works like a charm. Amazing quality and value.,good
Stopped working after a week. Not satisfied. Not satisfied. Could be better. Stopped working after a week. Stopped working after a week.,bad
Amazing quality and value. Works like a charm. Amazing quality and value. Very useful and easy to use. Highly recommend! Very useful and easy to use.,good
Worst product ever! Cheap quality. Worst product ever!,worst
Expected better. Expected better. Expected better. Could be better. Poor design. Low quality material.,bad
Waste of money. Waste of money. Totally unreliable. Totally unreliable.,worst
Disappointed. Not satisfied. Disappointed. Not satisfied. Not worth the price.,bad
Superb performance! Excellent product! Superb performance! Good value for money.,good
Superb performance! Highly recommend! Five stars! Loved it.,good
Cheap quality. Worst product ever! Terrible experience. Do not buy this.,worst
Excellent product!,good
Regret buying this. Very disappointed. Totally unreliable.,worst
Terrible experience.,worst
Perfect for my needs. Amazing quality and value. Very useful and easy to use. Excellent product!,good
Very disappointed. Cheap quality. Terrible experience.,worst
Could be better. Not satisfied.,bad
Good value for money.,good
Stopped working after a week. Stopped working after a week. Poor design. Poor design.,bad
Totally unreliable. Terrible experience. Do not buy this.,worst
Cheap quality. Completely useless. Completely useless.,worst
Low quality material. Had some issues. Disappointed. Low quality material.,bad
Could be better. Expected better. Average experience. Could be better. Could be better.,bad
Stopped working after a week. Expected better. Low quality material. Low quality material. Low quality material.,bad
Perfect for my needs.,good
Five stars! Superb performance! Excellent product! Excellent product! Excellent product! Good value for money.,good
Waste of money. Waste of money. Terrible experience.,worst
Cheap quality. Cheap quality.,worst
Regret buying this. Regret buying this. Broke in two days. Totally unreliable. Regret buying this. Do not buy this.,worst
Stopped working after a week. Not worth the price.,bad
Do not buy this. Totally unreliable. Do not buy this. Broke in two days. Worst product ever!,worst
Regret buying this. Totally unreliable. Terrible experience. Waste of money. Regret buying this. Broke in two days.,worst
Could be better. Not worth the price.,bad
Do not buy this. Regret buying this. Broke in two days. Cheap quality. Terrible experience. Regret buying this.,worst
Regret buying this.,worst
Low quality material. Poor design. Had some issues.,bad
Works like a charm. Highly recommend! Good value for money. Loved it. Loved it. Perfect for my needs.,good
Broke in two days. Terrible experience. Do not buy this. Cheap quality.,worst
Stopped working after a week. Could be better. Expected better.,bad
Perfect for my needs. Loved it.,good
Works like a charm. Loved it. Superb performance! Amazing quality and value. Very useful and easy to use.,good
Amazing quality and value. Perfect for my needs. Loved it. Perfect for my needs. Perfect for my needs.,good
Average experience.,bad
Do not buy this. Very disappointed.,worst
Broke in two days. Totally unreliable.,worst
Worst product ever!,worst
Good value for money. Superb performance! Excellent product!,good
Had some issues.,bad
Expected better. Expected better. Poor design.,bad
Low quality material. Not satisfied. Low quality material. Disappointed. Had some issues.,bad
Excellent product! Very useful and easy to use. Superb performance! Good value for money. Highly recommend! Highly recommend!,good
Worst product ever! Cheap quality. Very disappointed. Waste of money. Do not buy this.,worst
Highly recommend! Highly recommend!,good
Cheap quality. Worst product ever!,worst
Works like a charm. Five stars! Perfect for my needs. Very useful and easy to use. Very useful and easy to use. Five stars!,good
Average experience. Poor design. Average experience. Could be better. Low quality material. Average experience.,bad
Highly recommend! Superb performance! Amazing quality and value. Loved it. Good value for money.,good
Stopped working after a week.,bad
Low quality material. Had some issues. Stopped working after a week. Had some issues.,bad
Not satisfied. Had some issues. Not worth the price. Had some issues.,bad
Not satisfied. Low quality material. Not satisfied. Not worth the price. Had some issues. Had some issues.,bad
Waste of money. Completely useless. Terrible experience. Completely useless.,worst
Regret buying this. Regret buying this. Regret buying this.,worst
Five stars! Five stars! Five stars! Good value for money.,good
Had some issues. Not worth the price. Not worth the price.,bad
Disappointed. Stopped working after a week. Expected better.,bad
Stopped working after a week. Low quality material. Disappointed. Stopped working after a week.,bad
Highly recommend! Good value for money. Five stars! Works like a charm. Loved it. Perfect for my needs.,good
Terrible experience.,worst
Terrible experience. Worst product ever! Waste of money. Broke in two days. Worst product ever! Broke in two days.,worst
Good value for money. Superb performance!,good
Good value for money. Superb performance! Highly recommend! Five stars! Excellent product!,good
Do not buy this.,worst
Totally unreliable.,worst
Excellent product! Highly recommend! Five stars!,good
Amazing quality and value. Highly recommend! Good value for money.,good
Regret buying this. Broke in two days. Worst product ever! Do not buy this. Regret buying this.,worst
Completely useless. Very disappointed. Very disappointed.,worst
Broke in two days. Do not buy this. Totally unreliable. Worst product ever!,worst
Disappointed. Expected better. Low quality material. Disappointed.,bad
Excellent product! Loved it.,good
Broke in two days. Completely useless. Completely useless. Completely useless. Terrible experience.,worst
Loved it. Excellent product! Good value for money. Superb performance! Superb performance! Perfect for my needs.,good
Broke in two days. Regret buying this. Terrible experience.,worst
Poor design. Average experience. Not worth the price. Poor design. Disappointed.,bad
Expected better.,bad
Average experience. Poor design. Expected better. Could be better.,bad
Very disappointed. Worst product ever! Waste of money. Completely useless.,worst
Superb performance! Good value for money. Superb performance!,good
Could be better.,bad
Waste of money. Regret buying this. Completely useless. Completely useless. Cheap quality.,worst
Low quality material. Poor design. Not worth the price. Stopped working after a week.,bad
Disappointed. Low quality material. Poor design. Low quality material. Expected better. Disappointed.,bad
Broke in two days. Regret buying this. Waste of money. Broke in two days.,worst
Not worth the price. Expected better. Average experience. Stopped working after a week. Poor design.,bad
Very disappointed. Very disappointed. Waste of money. Cheap quality. Waste of money. Regret buying this.,worst
Works like a charm. Very useful and easy to use.,good
Could be better. Disappointed. Could be better.,bad
Completely useless. Regret buying this. Terrible experience. Worst product ever!,worst
Superb performance! Very useful and easy to use. Five stars! Highly recommend!,good
Terrible experience. Regret buying this.,worst
Superb performance! Excellent product! Amazing quality and value.,good
Waste of money. Cheap quality. Waste of money. Regret buying this. Worst product ever!,worst
Excellent product! Excellent product! Highly recommend! Loved it. Superb performance!,good
Could be better. Average experience.,bad
Not satisfied. Not satisfied. Had some issues. Could be better. Stopped working after a week.,bad
Works like a charm. Loved it. Very useful and easy to use. Amazing quality and value. Good value for money.,good
Had some issues. Not satisfied. Disappointed.,bad
Stopped working after a week. Stopped working after a week. Average experience. Expected better. Stopped working after a week. Expected better.,bad
Terrible experience. Terrible experience.,worst
Average experience. Poor design. Expected better. Low quality material. Not satisfied. Disappointed.,bad
Expected better. Could be better. Poor design. Low quality material. Poor design. Poor design.,bad
Waste of money. Regret buying this. Waste of money. Very disappointed. Completely useless.,worst
Stopped working after a week. Not satisfied. Poor design.,bad
Very disappointed. Totally unreliable. Terrible experience. Regret buying this.,worst
Had some issues.,bad
Very useful and easy to use. Five stars!,good
Poor design. Had some issues. Had some issues. Expected better.,bad
Average experience. Stopped working after a week.,bad
Waste of money. Completely useless. Completely useless.,worst
Five stars! Perfect for my needs. Works like a charm. Superb performance! Highly recommend! Excellent product!,good
Broke in two days. Totally unreliable. Very disappointed.,worst
Amazing quality and value. Five stars! Perfect for my needs. Perfect for my needs. Superb performance! Five stars!,good
Regret buying this.,worst
Do not buy this. Do not buy this. Terrible experience. Waste of money. Terrible experience.,worst
Not worth the price. Average experience. Low quality material. Not worth the price. Not satisfied. Had some issues.,bad
Worst product ever! Terrible experience. Terrible experience. Completely useless. Very disappointed. Totally unreliable.,worst
Broke in two days. Do not buy this. Terrible experience. Waste of money. Completely useless.,worst
Good value for money.,good
Cheap quality. Broke in two days.,worst
Disappointed. Expected better. Not satisfied. Expected better. Had some issues.,bad
Loved it. Amazing quality and value. Amazing quality and value. Amazing quality and value. Highly recommend!,good
Very disappointed. Regret buying this. Waste of money. Totally unreliable.,worst
Regret buying this. Worst product ever! Totally unreliable. Very disappointed.,worst
Perfect for my needs. Amazing quality and value. Loved it.,good
Had some issues. Could be better. Average experience. Low quality material. Could be better.,bad
Completely useless. Waste of money. Regret buying this. Cheap quality. Very disappointed.,worst
Could be better. Low quality material. Poor design. Expected better. Had some issues.,bad
Superb performance! Amazing quality and value. Loved it. Highly recommend! Perfect for my needs. Good value for money.,good
Worst product ever! Worst product ever!,worst
Five stars!,good
Excellent product! Perfect for my needs. Five stars!,good
Completely useless.,worst
Broke in two days. Terrible experience. Cheap quality. Terrible experience. Totally unreliable. Broke in two days.,worst
Expected better. Could be better. Low quality material. Expected better. Disappointed. Poor design.,bad
Stopped working after a week. Stopped working after a week.,bad
Waste of money.,worst
Cheap quality. Terrible experience.,worst
Expected better. Could be better. Disappointed.,bad
Loved it. Amazing quality and value. Good value for money. Very useful and easy to use. Superb performance! Amazing quality and value.,good
Excellent product! Superb performance! Good value for money. Loved it. Works like a charm. Superb performance!,good
Works like a charm. Highly recommend! Excellent product!,good
Good value for money. Superb performance! Excellent product! Highly recommend! Highly recommend! Good value for money.,good
Cheap quality. Worst product ever! Cheap quality. Totally unreliable.,worst
Very disappointed. Regret buying this. Totally unreliable. Very disappointed.,worst
Completely useless. Completely useless. Regret buying this.,worst
Very useful and easy to use. Loved it. Excellent product! Highly recommend! Loved it. Excellent product!,good
Completely useless.,worst
Regret buying this. Completely useless. Broke in two days. Broke in two days. Do not buy this.,worst
Do not buy this. Broke in two days.,worst
Terrible experience. Regret buying this. Completely useless. Broke in two days.,worst
Loved it.,good
Average experience. Poor design. Disappointed. Low quality material.,bad
Do not buy this. Completely useless. Worst product ever! Waste of money. Completely useless.,worst
Average experience. Had some issues. Average experience.,bad
Poor design. Could be better. Stopped working after a week. Average experience.,bad
Totally unreliable. Waste of money. Terrible experience. Cheap quality. Cheap quality. Regret buying this.,worst
Worst product ever!,worst
Stopped working after a week. Expected better. Stopped working after a week. Poor design.,bad
Poor design. Not worth the price. Average experience. Could be better. Low quality material. Disappointed.,bad
Disappointed. Average experience. Not satisfied. Stopped working after a week. Could be better. Not satisfied.,bad
Had some issues. Could be better.,bad
Disappointed. Expected better. Stopped working after a week. Could be better. Expected better. Expected better.,bad
Stopped working after a week. Average experience. Poor design. Not worth the price. Stopped working after a week. Low quality material.,bad
Very disappointed.,worst
Completely useless. Completely useless. Worst product ever! Terrible experience.,worst
Good value for money. Good value for money. Excellent product! Highly recommend! Very useful and easy to use.,good
Totally unreliable. Regret buying this. Waste of money. Regret buying this. Terrible experience. Worst product ever!,worst
Broke in two days. Waste of money. Totally unreliable. Totally unreliable. Worst product ever!,worst
Very useful and easy to use.,good
Worst product ever! Waste of money. Cheap quality. Do not buy this.,worst
Amazing quality and value.,good
Good value for money.,good
Do not buy this. Worst product ever! Regret buying this.,worst
Completely useless. Very disappointed. Terrible experience. Cheap quality.,worst
Highly recommend! Perfect for my needs. Good value for money. Good value for money.,good
Terrible experience. Very disappointed.,worst
Worst product ever! Do not buy this. Waste of money. Completely useless. Very disappointed.,worst
Very useful and easy to use. Excellent product! Good value for money. Highly recommend!,good
Do not buy this. Cheap quality. Regret buying this. Totally unreliable. Terrible experience.,worst
Completely useless. Totally unreliable. Regret buying this. Broke in two days.,worst
Do not buy this. Very disappointed. Do not buy this. Terrible experience. Waste of money.,worst
Low quality material.,bad
Disappointed. Average experience. Low quality material.,bad
Amazing quality and value. Highly recommend! Amazing quality and value. Good value for money. Very useful and easy to use. Superb performance!,good
Cheap quality. Do not buy this.,worst
Works like a charm. Highly recommend! Perfect for my needs. Excellent product! Perfect for my needs.,good
Amazing quality and value. Good value for money. Good value for money. Loved it.,good
Poor design. Low quality material. Not satisfied. Expected better. Not worth the price. Expected better.,bad
Waste of money. Worst product ever!,worst
Worst product ever! Very disappointed.,worst
Very disappointed. Do not buy this. Waste of money. Worst product ever! Completely useless. Very disappointed.,worst
Five stars!,good
Disappointed. Not worth the price. Average experience.,bad
Loved it. Loved it. Works like a charm.,good
Average experience. Expected better. Disappointed.,bad
Do not buy this. Regret buying this.,worst
Totally unreliable. Totally unreliable. Very disappointed. Totally unreliable. Do not buy this.,worst
Regret buying this.,worst
Good value for money. Good value for money.,good
Totally unreliable. Broke in two days. Cheap quality. Very disappointed. Terrible experience.,worst
Stopped working after a week.,bad
Cheap quality. Worst product ever!,worst
Perfect for my needs. Five stars! Works like a charm.,good
Five stars! Works like a charm. Amazing quality and value. Good value for money. Very useful and easy to use.,good
Stopped working after a week.,bad
Completely useless. Completely useless. Completely useless. Very disappointed. Worst product ever!,worst
Broke in two days. Do not buy this. Very disappointed.,worst
Superb performance! Excellent product! Perfect for my needs. Amazing quality and value. Highly recommend!,good
Highly recommend! Very useful and easy to use.,good
Amazing quality and value. Loved it. Good value for money.,good
Had some issues. Expected better. Low quality material. Not worth the price.,bad
Waste of money. Worst product ever! Totally unreliable. Totally unreliable. Completely useless.,worst
Totally unreliable. Worst product ever!,worst
Waste of money. Waste of money.,worst
Completely useless. Cheap quality. Waste of money. Waste of money.,worst
Very useful and easy to use. Perfect for my needs. Works like a charm. Superb performance! Very useful and easy to use. Perfect for my needs.,good
Totally unreliable. Worst product ever! Terrible experience. Waste of money. Totally unreliable.,worst
Very useful and easy to use. Excellent product! Superb performance! Loved it. Amazing quality and value.,good
Very useful and easy to use. Superb performance! Perfect for my needs. Very useful and easy to use. Perfect for my needs.,good
Waste of money.,worst
Superb performance! Very useful and easy to use. Superb performance! Loved it. Excellent product!,good
Had some issues. Low quality material. Poor design.,bad
Not satisfied.,bad
Regret buying this. Broke in two days. Cheap quality.,worst
Amazing quality and value. Amazing quality and value. Works like a charm. Excellent product! Amazing quality and value. Perfect for my needs.,good
Highly recommend! Excellent product! Good value for money. Perfect for my needs. Very useful and easy to use.,good
Low quality material.,bad
Do not buy this. Very disappointed. Waste of money. Completely useless.,worst
Disappointed. Average experience. Stopped working after a week.,bad
Expected better. Low quality material.,bad
Excellent product! Works like a charm. Works like a charm. Superb performance! Highly recommend!,good
Very disappointed.,worst
Very disappointed. Totally unreliable. Completely useless. Regret buying this. Waste of money.,worst
Expected better.,bad
Excellent product! Loved it.,good
Excellent product! Loved it. Good value for money. Works like a charm.,good
Regret buying this. Regret buying this. Totally unreliable. Waste of money. Broke in two days.,worst
Not satisfied. Had some issues. Poor design. Disappointed. Expected better.,bad
Worst product ever! Broke in two days. Very disappointed. Waste of money. Very disappointed.,worst
Not worth the price. Stopped working after a week. Disappointed. Not worth the price. Stopped working after a week. Expected better.,bad
Poor design. Not satisfied. Expected better. Not worth the price. Poor design.,bad
Good value for money. Perfect for my needs. Amazing quality and value. Excellent product!,good
Terrible experience. Totally unreliable. Very disappointed. Regret buying this. Regret buying this.,worst
Very useful and easy to use. Excellent product! Excellent product!,good
Waste of money. Totally unreliable.,worst
Highly recommend!,good
Broke in two days. Terrible experience. Totally unreliable. Terrible experience. Worst product ever!,worst
Works like a charm. Amazing quality and value.,good
Completely useless. Regret buying this.,worst
Had some issues. Stopped working after a week. Disappointed.,bad
Regret buying this.,worst
Perfect for my needs. Excellent product! Superb performance!,good
Had some issues. Poor design.,bad
Completely useless. Terrible experience. Regret buying this. Do not buy this. Completely useless. Terrible experience.,worst
Very disappointed. Totally unreliable. Very disappointed. Completely useless.,worst
Highly recommend! Amazing quality and value.,good
Not satisfied. Disappointed. Disappointed.,bad
Five stars! Five stars!,good
Very disappointed.,worst
Superb performance! Loved it.,good
Totally unreliable. Completely useless. Worst product ever! Worst product ever! Totally unreliable. Regret buying this.,worst
Very useful and easy to use. Highly recommend!,good
Expected better. Expected better. Had some issues. Could be better. Not satisfied.,bad
Highly recommend!,good
Very useful and easy to use.,good
Very disappointed. Regret buying this.,worst
Completely useless. Worst product ever! Do not buy this. Terrible experience.,worst
Loved it. Highly recommend! Five stars!,good
Had some issues.,bad
Completely useless. Terrible experience. Totally unreliable. Do not buy this. Terrible experience. Totally unreliable.,worst
Not satisfied.,bad
Very disappointed. Very disappointed. Waste of money. Completely useless. Worst product ever!,worst
Amazing quality and value.,good
Disappointed. Average experience.,bad
Cheap quality. Regret buying this. Broke in two days. Waste of money. Worst product ever! Very disappointed.,worst
Had some issues. Poor design. Low quality material. Had some issues.,bad
Superb performance! Highly recommend! Loved it. Good value for money. Works like a charm.,good
Expected better. Had some issues. Average experience.,bad
Worst product ever! Worst product ever! Worst product ever!,worst
Amazing quality and value. Amazing quality and value. Five stars! Works like a charm. Good value for money. Highly recommend!,good
Expected better. Disappointed. Stopped working after a week. Disappointed. Had some issues.,bad
Had some issues. Not satisfied. Poor design. Stopped working after a week.,bad
Five stars! Very useful and easy to use. Perfect for my needs. Perfect for my needs. Superb performance!,good
Average experience. Not satisfied. Average experience. Disappointed. Stopped working after a week.,bad
Good value for money. Works like a charm. Amazing quality and value. Loved it. Five stars!,good
Works like a charm. Good value for money. Good value for money. Works like a charm. Good value for money. Excellent product!,good
Totally unreliable.,worst
Disappointed. Poor design. Not satisfied.,bad
Regret buying this. Completely useless. Do not buy this.,worst
Five stars!,good
Could be better. Expected better. Poor design. Stopped working after a week. Could be better. Low quality material.,bad
Expected better. Stopped working after a week. Low quality material. Not worth the price. Poor design. Low quality material.,bad
Poor design. Stopped working after a week. Had some issues. Could be better.,bad
Good value for money. Very useful and easy to use. Loved it.,good
Highly recommend! Excellent product! Perfect for my needs.,good
Works like a charm. Works like a charm.,good
Superb performance! Very useful and easy to use.,good
Could be better. Not worth the price. Could be better. Poor design.,bad
Had some issues. Could be better. Not satisfied. Expected better.,bad
Average experience. Stopped working after a week.,bad
Waste of money. Regret buying this. Worst product ever!,worst
Not worth the price. Could be better.,bad
Average experience. Could be better. Poor design.,bad
Loved it. Amazing quality and value. Amazing quality and value. Excellent product!,good
Not satisfied. Low quality material.,bad
Do not buy this. Waste of money. Worst product ever!,worst
Excellent product!,good
Terrible experience. Totally unreliable. Waste of money. Very disappointed. Worst product ever!,worst
Works like a charm. Highly recommend! Highly recommend!,good
Excellent product! Excellent product! Five stars! Good value for money.,good
Had some issues. Could be better. Average experience. Disappointed. Had some issues. Had some issues.,bad
Had some issues. Could be better.,bad
Broke in two days. Do not buy this.,worst
Very disappointed. Worst product ever!,worst
Totally unreliable. Do not buy this. Completely useless. Do not buy this. Completely useless.,worst
Totally unreliable. Broke in two days. Regret buying this. Waste of money. Broke in two days.,worst
Not worth the price. Low quality material. Average experience. Poor design.,bad
Do not buy this. Regret buying this.,worst
Had some issues. Expected better. Average experience. Average experience. Had some issues. Expected better.,bad
Five stars! Perfect for my needs. Superb performance! Loved it. Loved it. Five stars!,good
Expected better. Expected better. Stopped working after a week. Expected better.,bad
Expected better. Low quality material. Poor design. Not worth the price. Stopped working after a week. Not worth the price.,bad
Stopped working after a week. Stopped working after a week.,bad
Waste of money. Worst product ever!,worst
Disappointed.,bad
Average experience. Expected better. Had some issues. Could be better.,bad
Totally unreliable. Completely useless. Very disappointed. Terrible experience. Worst product ever!,worst
Regret buying this.,worst
Stopped working after a week.,bad
Cheap quality. Worst product ever! Terrible experience. Cheap quality.,worst
Broke in two days. Waste of money. Totally unreliable. Waste of money.,worst
Totally unreliable. Terrible experience. Very disappointed. Do not buy this. Waste of money. Waste of money.,worst
Five stars! Loved it. Highly recommend! Superb performance! Amazing quality and value.,good
Do not buy this. Waste of money. Do not buy this. Do not buy this.,worst
Poor design. Not satisfied. Poor design.,bad
Waste of money. Do not buy this. Worst product ever! Waste of money. Waste of money. Do not buy this.,worst
Waste of money. Cheap quality.,worst
Superb performance! Perfect for my needs. Perfect for my needs.,good
Had some issues. Stopped working after a week. Expected better. Average experience. Had some issues.,bad
Loved it.,good
Worst product ever! Worst product ever! Terrible experience.,worst
Very disappointed. Very disappointed. Waste of money. Waste of money.,worst
Good value for money. Excellent product! Very useful and easy to use. Perfect for my needs.,good
Expected better. Not satisfied. Stopped working after a week. Low quality material. Average experience. Not satisfied.,bad
Very useful and easy to use. Highly recommend! Amazing quality and value. Five stars!,good
Completely useless. Terrible experience. Broke in two days. Waste of money.,worst
Terrible experience. Regret buying this. Very disappointed. Worst product ever! Cheap quality.,worst
Terrible experience. Totally unreliable. Worst product ever! Totally unreliable.,worst
Very useful and easy to use. Five stars! Loved it. Highly recommend!,good
Do not buy this. Totally unreliable. Waste of money. Regret buying this. Regret buying this.,worst
Regret buying this. Waste of money. Cheap quality. Waste of money. Very disappointed. Cheap quality.,worst
Average experience. Low quality material.,bad
Totally unreliable. Waste of money. Completely useless.,worst
Poor design. Not worth the price.,bad
Very disappointed. Cheap quality. Cheap quality. Worst product ever! Completely useless. Totally unreliable.,worst
Superb performance! Perfect for my needs. Highly recommend! Loved it. Excellent product! Very useful and easy to use.,good
Broke in two days. Terrible experience.,worst
Poor design.,bad
Perfect for my needs. Perfect for my needs. Amazing quality and value. Amazing quality and value.,good
Not satisfied. Average experience. Stopped working after a week. Not worth the price. Stopped working after a week. Not worth the price.,bad
Terrible experience. Totally unreliable. Completely useless. Waste of money. Broke in two days.,worst
Not satisfied. Stopped working after a week.,bad
Amazing quality and value. Perfect for my needs. Perfect for my needs. Perfect for my needs. Works like a charm.,good
Not worth the price.,bad
Loved it. Five stars! Superb performance! Amazing quality and value. Five stars! Loved it.,good
Not satisfied. Poor design. Poor design. Not satisfied. Expected better.,bad
Excellent product! Excellent product! Excellent product! Highly recommend!,good
Average experience. Had some issues.,bad
Cheap quality. Do not buy this. Regret buying this. Completely useless.,worst
Works like a charm.,good
Excellent product! Highly recommend! Perfect for my needs. Loved it. Perfect for my needs. Loved it.,good
Stopped working after a week.,bad
Regret buying this. Terrible experience. Do not buy this.,worst
Not worth the price. Not worth the price. Average experience. Stopped working after a week. Had some issues.,bad
Disappointed. Average experience. Had some issues. Disappointed. Expected better. Not satisfied.,bad
Not satisfied. Not worth the price. Low quality material.,bad
Worst product ever! Terrible experience.,worst
Completely useless.,worst
Waste of money. Terrible experience. Worst product ever! Worst product ever!,worst
Good value for money. Loved it. Very useful and easy to use.,good
Worst product ever! Regret buying this. Waste of money. Broke in two days. Do not buy this. Waste of money.,worst
Do not buy this. Terrible experience. Cheap quality. Broke in two days.,worst
Broke in two days.,worst
Expected better. Low quality material.,bad
Expected better. Expected better.,bad
Good value for money. Amazing quality and value. Five stars! Very useful and easy to use. Good value for money.,good
Excellent product! Very useful and easy to use. Amazing quality and value. Five stars!,good
Regret buying this. Worst product ever! Terrible experience.,worst
Broke in two days. Do not buy this. Cheap quality. Broke in two days.,worst
Do not buy this. Do not buy this. Totally unreliable.,worst
Cheap quality. Regret buying this.,worst
Not worth the price. Average experience. Not worth the price. Not satisfied.,bad
Superb performance! Good value for money. Works like a charm. Amazing quality and value. Works like a charm. Works like a charm.,good
Had some issues. Average experience. Not satisfied. Low quality material.,bad
Perfect for my needs. Amazing quality and value. Highly recommend! Very useful and easy to use. Works like a charm.,good
Low quality material.,bad
Highly recommend! Good value for money. Excellent product! Perfect for my needs.,good
Could be better. Expected better. Average experience. Not worth the price. Low quality material. Average experience.,bad
Excellent product! Very useful and easy to use.,good
Very useful and easy to use. Perfect for my needs. Superb performance! Highly recommend!,good
Excellent product! Loved it. Good value for money. Superb performance! Excellent product!,good
Expected better.,bad
Stopped working after a week. Average experience.,bad
Amazing quality and value. Highly recommend! Perfect for my needs.,good
Perfect for my needs. Excellent product!,good
Superb performance! Good value for money. Loved it. Good value for money.,good
Not satisfied. Had some issues. Stopped working after a week. Not satisfied. Low quality material.,bad
Waste of money. Regret buying this. Regret buying this. Regret buying this. Do not buy this. Totally unreliable.,worst
Could be better. Expected better. Poor design. Expected better. Had some issues. Disappointed.,bad
Cheap quality. Cheap quality. Regret buying this. Very disappointed. Totally unreliable.,worst
Good value for money. Loved it.,good
Very disappointed. Broke in two days. Very disappointed. Worst product ever!,worst
Average experience. Expected better. Not worth the price. Average experience.,bad
Five stars!,good
Highly recommend! Amazing quality and value. Five stars! Good value for money.,good
Low quality material. Not satisfied. Low quality material. Poor design. Poor design. Had some issues.,bad
Good value for money. Superb performance! Highly recommend! Loved it.,good
Excellent product! Five stars!,good
Amazing quality and value. Excellent product!,good
Low quality material. Disappointed. Disappointed.,bad
Expected better. Not worth the price.,bad
Low quality material.,bad
Five stars! Highly recommend! Works like a charm. Five stars! Superb performance! Perfect for my needs.,good
Had some issues.,bad
Completely useless. Terrible experience. Very disappointed. Very disappointed.,worst
Poor design.,bad
Not satisfied. Disappointed. Low quality material.,bad
Amazing quality and value. Amazing quality and value. Highly recommend! Five stars!,good
Good value for money. Highly recommend! Perfect for my needs.,good
Good value for money. Very useful and easy to use. Highly recommend!,good
Low quality material. Had some issues.,bad
Loved it. Highly recommend! Highly recommend! Good value for money. Excellent product!,good
